{
  "target": "AST",
  "model_name": "XGBoost",
  "num_features": 38,
  "train_mae": 1.5795328775769926,
  "val_mae": 1.6238493333143347,
  "test_mae": 1.6418824520536162,
  "baseline_mae": 1.6792744656917886,
  "improvement_pct": 2.22667672272195,
  "_metadata": {
    "git_commit": "aef9a47ad4be41d8b5dfc37783004642570756fb"
  }
}