{
  "experiment": "EXP_90P",
  "config": {
    "name": "Top 90 Players",
    "players": [
      1628969,
      1630162,
      201942,
      1627734,
      1628404,
      1628369,
      1630224,
      1627783,
      1628389,
      203999,
      202696,
      1631099,
      1628983,
      1628973,
      201935,
      1628368,
      1627832,
      201572,
      1628401,
      203084,
      1629027,
      1630183,
      203497,
      202699,
      1626164,
      203484,
      1629632,
      1630559,
      203915,
      1630532,
      1628386,
      1629008,
      1627759,
      1630567,
      2544,
      203507,
      1628415,
      1631094,
      1629673,
      203081,
      1629029,
      1631114,
      201142,
      1627736,
      203468,
      1630578,
      201939,
      1628378,
      1630178,
      1629652,
      1631095,
      203471,
      1630169,
      202691,
      1627741,
      1630581,
      1627749,
      1628398,
      1630166,
      1629023,
      203501,
      201950,
      203076,
      1626156,
      1629651,
      1626220,
      1628991,
      1626167,
      202681,
      1626145,
      1628960,
      1629018,
      201144,
      1629640,
      202710,
      1626179,
      1628978,
      203932,
      1629622,
      1627747,
      202331,
      1630557,
      1627827,
      1630245,
      1626162,
      1626181,
      1626157,
      1627752,
      1631093,
      1629675
    ],
    "seasons": [
      "2022-23",
      "2023-24",
      "2024-25"
    ],
    "description": "75% of players"
  },
  "data_stats": {
    "raw_games": 19012,
    "cleaned_games": 18562,
    "players": 90,
    "train_games": 12448,
    "val_games": 2534,
    "test_games": 3580
  },
  "models": {
    "PTS": {
      "model_type": "Lasso",
      "test_mae": 5.885641218485379,
      "test_rmse": 7.506709214340252,
      "test_r2": 0.3650504076338681,
      "train_mae": 5.824898860375578,
      "baseline_mae": 6.116201117318436,
      "improvement_pct": 3.7696585578294894
    },
    "REB": {
      "model_type": "XGBoost",
      "test_mae": 2.198090283364557,
      "test_rmse": 2.8458581811514327,
      "test_r2": 0.44351565203424836,
      "train_mae": 2.0931399192249254,
      "baseline_mae": 2.2330167597765365,
      "improvement_pct": 1.5640937874319776
    },
    "AST": {
      "model_type": "XGBoost",
      "test_mae": 1.776833706827803,
      "test_rmse": 2.337555366285209,
      "test_r2": 0.4520377992270673,
      "train_mae": 1.7523305251294206,
      "baseline_mae": 1.8262569832402236,
      "improvement_pct": 2.706260776330153
    }
  },
  "execution_time": 0.7875609397888184,
  "status": "success"
}