{
  "experiment": "EXP_2S",
  "config": {
    "name": "2 Seasons Only",
    "players": [
      1628969,
      1630162,
      201942,
      1627734,
      1628404,
      1628369,
      1630224,
      1627783,
      1628389,
      203999,
      202696,
      1631099,
      1628983,
      1628973,
      201935,
      1628368,
      1627832,
      201572,
      1628401,
      203084,
      1629027,
      1630183,
      203497,
      202699,
      1626164,
      203484,
      1629632,
      1630559,
      203915,
      1630532,
      1628386,
      1629008,
      1627759,
      1630567,
      2544,
      203507,
      1628415,
      1631094,
      1629673,
      203081,
      1629029,
      1631114,
      201142,
      1627736,
      203468,
      1630578,
      201939,
      1628378,
      1630178,
      1629652,
      1631095,
      203471,
      1630169,
      202691,
      1627741,
      1630581,
      1627749,
      1628398,
      1630166,
      1629023,
      203501,
      201950,
      203076,
      1626156,
      1629651,
      1626220,
      1628991,
      1626167,
      202681,
      1626145,
      1628960,
      1629018,
      201144,
      1629640,
      202710,
      1626179,
      1628978,
      203932,
      1629622,
      1627747,
      202331,
      1630557,
      1627827,
      1630245,
      1626162,
      1626181,
      1626157,
      1627752,
      1631093,
      1629675,
      202685,
      1630170,
      202695,
      203992,
      1630193,
      1626171,
      1630200,
      1631110,
      1629012,
      203952,
      1630174,
      1630595,
      1630529,
      1629638,
      1627936,
      1629684,
      1628970,
      203994,
      1630228,
      1630591,
      1627742,
      1630180,
      1641718,
      1629627,
      1630560,
      1641764,
      1641705,
      1631170,
      1641706,
      1631096
    ],
    "seasons": [
      "2023-24",
      "2024-25"
    ],
    "description": "Most recent 2 seasons only"
  },
  "data_stats": {
    "raw_games": 16340,
    "cleaned_games": 15740,
    "players": 120,
    "train_games": 8226,
    "val_games": 3129,
    "test_games": 4385
  },
  "models": {
    "PTS": {
      "model_type": "Lasso",
      "test_mae": 5.776735864474688,
      "test_rmse": 7.360834783832767,
      "test_r2": 0.37685878713707144,
      "train_mae": 5.69911381074475,
      "baseline_mae": 6.007753705815279,
      "improvement_pct": 3.845328098536644
    },
    "REB": {
      "model_type": "XGBoost",
      "test_mae": 2.193158609266292,
      "test_rmse": 2.8419135033967984,
      "test_r2": 0.4173879148314442,
      "train_mae": 2.0485103988253286,
      "baseline_mae": 2.2238996579247434,
      "improvement_pct": 1.3823037630725545
    },
    "AST": {
      "model_type": "XGBoost",
      "test_mae": 1.774390441444336,
      "test_rmse": 2.325213724837885,
      "test_r2": 0.43045134529791107,
      "train_mae": 1.720059390749747,
      "baseline_mae": 1.8088483466362597,
      "improvement_pct": 1.9049637442520615
    }
  },
  "execution_time": 0.7878460884094238,
  "status": "success"
}