{
  "experiment": "EXP_60P",
  "config": {
    "name": "Top 60 Players",
    "players": [
      1628969,
      1630162,
      201942,
      1627734,
      1628404,
      1628369,
      1630224,
      1627783,
      1628389,
      203999,
      202696,
      1631099,
      1628983,
      1628973,
      201935,
      1628368,
      1627832,
      201572,
      1628401,
      203084,
      1629027,
      1630183,
      203497,
      202699,
      1626164,
      203484,
      1629632,
      1630559,
      203915,
      1630532,
      1628386,
      1629008,
      1627759,
      1630567,
      2544,
      203507,
      1628415,
      1631094,
      1629673,
      203081,
      1629029,
      1631114,
      201142,
      1627736,
      203468,
      1630578,
      201939,
      1628378,
      1630178,
      1629652,
      1631095,
      203471,
      1630169,
      202691,
      1627741,
      1630581,
      1627749,
      1628398,
      1630166,
      1629023
    ],
    "seasons": [
      "2022-23",
      "2023-24",
      "2024-25"
    ],
    "description": "Half the players"
  },
  "data_stats": {
    "raw_games": 12976,
    "cleaned_games": 12676,
    "players": 60,
    "train_games": 8457,
    "val_games": 1723,
    "test_games": 2496
  },
  "models": {
    "PTS": {
      "model_type": "Lasso",
      "test_mae": 6.026361120309261,
      "test_rmse": 7.729994125096721,
      "test_r2": 0.3235898398026743,
      "train_mae": 5.9965366412735435,
      "baseline_mae": 6.300641025641026,
      "improvement_pct": 4.353206351791163
    },
    "REB": {
      "model_type": "XGBoost",
      "test_mae": 2.2831355146108527,
      "test_rmse": 2.96074638540817,
      "test_r2": 0.4340224176695163,
      "train_mae": 2.1504915505418603,
      "baseline_mae": 2.3177083333333335,
      "improvement_pct": 1.491681167351978
    },
    "AST": {
      "model_type": "XGBoost",
      "test_mae": 1.8712306707524335,
      "test_rmse": 2.462550371491783,
      "test_r2": 0.45664185068718,
      "train_mae": 1.8106783726571425,
      "baseline_mae": 1.9370192307692309,
      "improvement_pct": 3.396381356042156
    }
  },
  "execution_time": 0.7406978607177734,
  "status": "success",
  "_metadata": {
    "created_at": "2025-01-20T18:00:00Z",
    "schema_version": "1.0",
    "experiment_id": "EXP_60P",
    "random_seed": 42,
    "experiment_type": "data_scale_player_count",
    "hypothesis": "Testing impact of reducing player count to 50% of baseline (60/120 players)",
    "features_used": 23,
    "feature_set": "baseline (original + usage + contextual)",
    "comparison_baseline": "EXP_120P",
    "training_script": "notebooks/10_data_scale_experiment.ipynb",
    "data_source": "data/processed/features_enhanced_3seasons.parquet",
    "notes": "Half the players experiment. Tests whether fewer players (but same time span) affects model performance. Results show slightly worse performance vs full baseline, suggesting more diverse player data helps generalization."
  }
}