{
  "experiment": "EXP_120P",
  "config": {
    "name": "Top 120 Players (Baseline)",
    "players": [
      1628969,
      1630162,
      201942,
      1627734,
      1628404,
      1628369,
      1630224,
      1627783,
      1628389,
      203999,
      202696,
      1631099,
      1628983,
      1628973,
      201935,
      1628368,
      1627832,
      201572,
      1628401,
      203084,
      1629027,
      1630183,
      203497,
      202699,
      1626164,
      203484,
      1629632,
      1630559,
      203915,
      1630532,
      1628386,
      1629008,
      1627759,
      1630567,
      2544,
      203507,
      1628415,
      1631094,
      1629673,
      203081,
      1629029,
      1631114,
      201142,
      1627736,
      203468,
      1630578,
      201939,
      1628378,
      1630178,
      1629652,
      1631095,
      203471,
      1630169,
      202691,
      1627741,
      1630581,
      1627749,
      1628398,
      1630166,
      1629023,
      203501,
      201950,
      203076,
      1626156,
      1629651,
      1626220,
      1628991,
      1626167,
      202681,
      1626145,
      1628960,
      1629018,
      201144,
      1629640,
      202710,
      1626179,
      1628978,
      203932,
      1629622,
      1627747,
      202331,
      1630557,
      1627827,
      1630245,
      1626162,
      1626181,
      1626157,
      1627752,
      1631093,
      1629675,
      202685,
      1630170,
      202695,
      203992,
      1630193,
      1626171,
      1630200,
      1631110,
      1629012,
      203952,
      1630174,
      1630595,
      1630529,
      1629638,
      1627936,
      1629684,
      1628970,
      203994,
      1630228,
      1630591,
      1627742,
      1630180,
      1641718,
      1629627,
      1630560,
      1641764,
      1641705,
      1631170,
      1641706,
      1631096
    ],
    "seasons": [
      "2022-23",
      "2023-24",
      "2024-25"
    ],
    "description": "Full baseline"
  },
  "data_stats": {
    "raw_games": 23925,
    "cleaned_games": 23325,
    "players": 120,
    "train_games": 15811,
    "val_games": 3129,
    "test_games": 4385
  },
  "models": {
    "PTS": {
      "model_type": "Lasso",
      "test_mae": 5.774000173783842,
      "test_rmse": 7.361410682601171,
      "test_r2": 0.37676127637746293,
      "train_mae": 5.74581318190167,
      "baseline_mae": 6.007753705815279,
      "improvement_pct": 3.890864097926868
    },
    "REB": {
      "model_type": "XGBoost",
      "test_mae": 2.185411351898785,
      "test_rmse": 2.833079206733801,
      "test_r2": 0.42100446975461847,
      "train_mae": 2.0933417797872744,
      "baseline_mae": 2.2238996579247434,
      "improvement_pct": 1.7306673837017548
    },
    "AST": {
      "model_type": "XGBoost",
      "test_mae": 1.7615594291904497,
      "test_rmse": 2.3135243819557316,
      "test_r2": 0.4361634351014473,
      "train_mae": 1.705362985885224,
      "baseline_mae": 1.8088483466362597,
      "improvement_pct": 2.614310786957271
    }
  },
  "execution_time": 0.8432910442352295,
  "status": "success",
  "_metadata": {
    "created_at": "2025-01-20T18:10:00Z",
    "schema_version": "1.0",
    "experiment_id": "EXP_120P",
    "random_seed": 42,
    "experiment_type": "data_scale_baseline",
    "hypothesis": "Baseline configuration for player count comparison (120 players, 3 seasons)",
    "features_used": 23,
    "feature_set": "baseline (original + usage + contextual)",
    "comparison_baseline": "self (reference point)",
    "training_script": "notebooks/10_data_scale_experiment.ipynb",
    "data_source": "data/processed/features_enhanced_3seasons.parquet",
    "notes": "Full baseline experiment with 120 players and 3 seasons (2022-23, 2023-24, 2024-25). Reference point for all player count and season count comparisons. Best performance among player count experiments."
  }
}