Experiment,Name,Players,Games,Train,Test,PTS_MAE,PTS_Improve,REB_MAE,REB_Improve,AST_MAE,AST_Improve
EXP_60P,Top 60 Players,60,12676,8457,2496,6.026361120309261,4.353206351791163,2.2831355146108527,1.491681167351978,1.8712306707524335,3.396381356042156
EXP_90P,Top 90 Players,90,18562,12448,3580,5.885641218485379,3.7696585578294894,2.198090283364557,1.5640937874319776,1.776833706827803,2.706260776330153
EXP_120P,Top 120 Players (Baseline),120,23325,15811,4385,5.774000173783842,3.890864097926868,2.185411351898785,1.7306673837017548,1.7615594291904497,2.614310786957271
EXP_2S,2 Seasons Only,120,15740,8226,4385,5.776735864474688,3.845328098536644,2.193158609266292,1.3823037630725545,1.774390441444336,1.9049637442520615
